<UniHighlighter>
 <ImportantInfo>
 </ImportantInfo>
 <Info>
  <General>
   <Name>Ressource</Name>
   <FileTypeName>rc</FileTypeName>
   <Layout>Standard</Layout>
  </General>
  <Author>
   <Name>Werner Rumpeltesz</Name>
   <Email>info@gaijin.at</Email>
   <Web>www.gaijin.at</Web>
   <Copyright>Copyright (c) 2006 Werner Rumpeltesz</Copyright>
   <Company>www.gaijin.at</Company>
   <Remark></Remark>
  </Author>
  <Version>
   <Version>1</Version>
   <Revision>0</Revision>
   <Date>41371,6969615857</Date>
   <Type>Internal Test</Type>
  </Version>
  <History>
  </History>
  <Sample>
   <S>/*********************************************</S>
   <S>File: C:\TEXTEDIT.RC</S>
   <S>Generated by Resource Builder 2.0.</S>
   <S>*********************************************/</S>
   <S>// Below are important 3 lines, don't change them!</S>
   <S>/*</S>
   <S>OutputExt=res</S>
   <S>*/</S>
   <S></S>
   <S>DIALOG_0 DIALOGEX 0, 0, 286, 69, 0</S>
   <S>EXSTYLE WS_EX_DLGMODALFRAME |WS_EX_TOPMOST</S>
   <S>STYLE DS_SYSMODAL |DS_SETFONT |DS_CENTER |WS_OVERLAPPED |WS_CAPTION |WS_VISIBLE |WS_THICKFRAME</S>
   <S>CAPTION &qt;Extended Macro Plugin - InputBox&qt;</S>
   <S>FONT 8, &qt;Tahoma&qt;, 400, 0, 1</S>
   <S>LANGUAGE LANG_NEUTRAL, 0</S>
   <S>BEGIN</S>
   <S>  CONTROL &qt;Enter a string:&qt;,0,&qt;STATIC&qt;,SS_LEFT |WS_CHILD |WS_GROUP |WS_VISIBLE ,7,3,272,24,0x0,0</S>
   <S>  CONTROL &qt;&qt;,1,&qt;EDIT&qt;,ES_AUTOHSCROLL |ES_LEFT |WS_CHILD |WS_BORDER |WS_TABSTOP |WS_VISIBLE ,6,30,273,12,0x0,0</S>
   <S>  CONTROL &qt;Ok&qt;,2,&qt;BUTTON&qt;,BS_DEFPUSHBUTTON |BS_VCENTER |BS_CENTER |WS_CHILD |WS_TABSTOP |WS_VISIBLE ,6,47,82,17,0x0,0</S>
   <S>  CONTROL &qt;Cancel&qt;,3,&qt;BUTTON&qt;,BS_PUSHBUTTON |BS_VCENTER |BS_CENTER |WS_CHILD |WS_TABSTOP |WS_VISIBLE ,198,47,82,17,0x0,0</S>
   <S>END</S>
   <S></S>
   <S>TEXTEDIT_DOC ICON</S>
   <S>MOVEABLE PURE LOADONCALL DISCARDABLE</S>
   <S>LANGUAGE LANG_NEUTRAL, 0</S>
   <S>BEGIN</S>
   <S>'00 00 00 00 00 00 00 01 00 00 00 00 00 00 FF FF '</S>
   <S>'F2 00 FC F4 F4 00 FF FF E6 00 E6 E6 E6 00 DA FF '</S>
   <S>END</S>
  </Sample>
 </Info>
 <Range Name="Root">
 <Def>
  <Back>16777215</Back>
  <Fore>0</Fore>
  <Style></Style>
 </Def>
 <Num>
  <Back>16777215</Back>
  <Fore>8388736</Fore>
  <Style></Style>
 </Num>
 <OpenSymbol></OpenSymbol>
 <CloseSymbol></CloseSymbol>
 <DelimiterChars>!&qt;#$%'()*+,-.:;&lt;=&gt;?@[\]^`{|}~</DelimiterChars>
 <AnyTerm>True</AnyTerm>
 <CloseOnTerm>False</CloseOnTerm>
 <CloseOnEol>False</CloseOnEol>
 <CaseSensitive>False</CaseSensitive>
 <KW Name="Keywords">
  <Attri>
   <Back>16777215</Back>
   <Fore>16711680</Fore>
   <Style></Style>
  </Attri>
  <W>BEGIN</W>
  <W>CAPTION</W>
  <W>CONTROL</W>
  <W>DIALOGEX</W>
  <W>DISCARDABLE</W>
  <W>END</W>
  <W>EXSTYLE</W>
  <W>FONT</W>
  <W>ICON</W>
  <W>LANGUAGE</W>
  <W>LOADONCALL</W>
  <W>MOVEABLE</W>
  <W>PURE</W>
  <W>STYLE</W>
 </KW>
 <KW Name="Special Characters">
  <Attri>
   <Back>16777215</Back>
   <Fore>8421504</Fore>
   <Style></Style>
  </Attri>
  <W>,</W>
  <W>|</W>
 </KW>
 <KW Name="Options">
  <Attri>
   <Back>16777215</Back>
   <Fore>8388608</Fore>
   <Style></Style>
  </Attri>
  <W>BS_CENTER</W>
  <W>BS_DEFPUSHBUTTON</W>
  <W>BS_PUSHBUTTON</W>
  <W>BS_VCENTER</W>
  <W>DS_CENTER</W>
  <W>DS_SETFONT</W>
  <W>DS_SYSMODAL</W>
  <W>ES_AUTOHSCROLL</W>
  <W>ES_LEFT</W>
  <W>LANG_NEUTRAL</W>
  <W>SS_LEFT</W>
  <W>WS_BORDER</W>
  <W>WS_CAPTION</W>
  <W>WS_CHILD</W>
  <W>WS_EX_DLGMODALFRAME</W>
  <W>WS_EX_TOPMOST</W>
  <W>WS_GROUP</W>
  <W>WS_OVERLAPPED</W>
  <W>WS_TABSTOP</W>
  <W>WS_THICKFRAME</W>
  <W>WS_VISIBLE</W>
 </KW>
  <Range Name="Remarks /*...*/">
  <Def>
   <Back>16777215</Back>
   <Fore>32768</Fore>
   <Style></Style>
  </Def>
  <Num>
   <Back>16777215</Back>
   <Fore>32768</Fore>
   <Style></Style>
  </Num>
  <OpenSymbol>/*</OpenSymbol>
  <CloseSymbol>*/</CloseSymbol>
  <DelimiterChars>!&qt;#$%&amp;'()*+,-./:;&lt;=&gt;?@[\]^`{|}~</DelimiterChars>
  <AnyTerm>False</AnyTerm>
  <CloseOnTerm>False</CloseOnTerm>
  <CloseOnEol>False</CloseOnEol>
  <CaseSensitive>True</CaseSensitive>
  </Range>
  <Range Name="Remarks //">
  <Def>
   <Back>16777215</Back>
   <Fore>32768</Fore>
   <Style></Style>
  </Def>
  <Num>
   <Back>16777215</Back>
   <Fore>32768</Fore>
   <Style></Style>
  </Num>
  <OpenSymbol>//</OpenSymbol>
  <CloseSymbol></CloseSymbol>
  <DelimiterChars>!&qt;#$%&amp;'()*+,-./:;&lt;=&gt;?@[\]^`{|}~</DelimiterChars>
  <AnyTerm>True</AnyTerm>
  <CloseOnTerm>False</CloseOnTerm>
  <CloseOnEol>True</CloseOnEol>
  <CaseSensitive>True</CaseSensitive>
  </Range>
  <Range Name="Strings '...'">
  <Def>
   <Back>16777215</Back>
   <Fore>8421376</Fore>
   <Style></Style>
  </Def>
  <Num>
   <Back>16777215</Back>
   <Fore>8421376</Fore>
   <Style></Style>
  </Num>
  <OpenSymbol>'</OpenSymbol>
  <CloseSymbol>'</CloseSymbol>
  <DelimiterChars>!&qt;#$%&amp;'()*+,-./:;&lt;=&gt;?@[\]^`{|}~</DelimiterChars>
  <AnyTerm>True</AnyTerm>
  <CloseOnTerm>False</CloseOnTerm>
  <CloseOnEol>False</CloseOnEol>
  <CaseSensitive>False</CaseSensitive>
  </Range>
  <Range Name="Strings &qt;...&qt;">
  <Def>
   <Back>16777215</Back>
   <Fore>8421376</Fore>
   <Style></Style>
  </Def>
  <Num>
   <Back>16777215</Back>
   <Fore>8421376</Fore>
   <Style></Style>
  </Num>
  <OpenSymbol>&qt;</OpenSymbol>
  <CloseSymbol>&qt;</CloseSymbol>
  <DelimiterChars>!&qt;#$%&amp;'()*+,-./:;&lt;=&gt;?@[\]^`{|}~</DelimiterChars>
  <AnyTerm>True</AnyTerm>
  <CloseOnTerm>False</CloseOnTerm>
  <CloseOnEol>False</CloseOnEol>
  <CaseSensitive>False</CaseSensitive>
  </Range>
 </Range>
</UniHighlighter>
