<UniHighlighter>
 <ImportantInfo> </ImportantInfo>
 <Info>
  <General>
   <Name>C#</Name>
   <FileTypeName>CS</FileTypeName>
   <Layout>Standard</Layout>
  </General>
  <Author>
   <Name></Name>
   <Email></Email>
   <Web></Web>
   <Copyright></Copyright>
   <Company></Company>
   <Remark></Remark>
  </Author>
  <Version>
   <Version>1</Version>
   <Revision>0</Revision>
   <Date>41371,6977839468</Date>
   <Type>Internal Test</Type>
  </Version>
  <History>
  </History>
  <Sample>
   <S></S>
  </Sample>
 </Info>
 <Range Name="Root">
 <Def>
  <Back>16777215</Back>
  <Fore>0</Fore>
  <Style></Style>
 </Def>
 <Num>
  <Back>16777215</Back>
  <Fore>128</Fore>
  <Style></Style>
 </Num>
 <OpenSymbol></OpenSymbol>
 <CloseSymbol></CloseSymbol>
 <DelimiterChars>	!&qt;%&amp;'()*+,-./:;&lt;=&gt;?@[\]^{|}~</DelimiterChars>
 <AnyTerm>True</AnyTerm>
 <CloseOnTerm>False</CloseOnTerm>
 <CloseOnEol>False</CloseOnEol>
 <CaseSensitive>False</CaseSensitive>
 <KW Name="Keywords">
  <Attri>
   <Back>16777215</Back>
   <Fore>32768</Fore>
   <Style></Style>
  </Attri>
  <W>as</W>
  <W>auto</W>
  <W>base</W>
  <W>break</W>
  <W>case</W>
  <W>catch</W>
  <W>const</W>
  <W>continue</W>
  <W>default</W>
  <W>do</W>
  <W>else</W>
  <W>event</W>
  <W>explicit</W>
  <W>extern</W>
  <W>false</W>
  <W>finally</W>
  <W>fixed</W>
  <W>for</W>
  <W>foreach</W>
  <W>goto</W>
  <W>if</W>
  <W>implicit</W>
  <W>in</W>
  <W>internal</W>
  <W>lock</W>
  <W>namespace</W>
  <W>null</W>
  <W>operator</W>
  <W>out</W>
  <W>override</W>
  <W>params</W>
  <W>private</W>
  <W>protected</W>
  <W>public</W>
  <W>readonly</W>
  <W>ref</W>
  <W>return</W>
  <W>sealed</W>
  <W>stackalloc</W>
  <W>static</W>
  <W>switch</W>
  <W>this</W>
  <W>throw</W>
  <W>true</W>
  <W>try</W>
  <W>unsafe</W>
  <W>using</W>
  <W>virtual</W>
  <W>void</W>
  <W>while</W>
 </KW>
 <KW Name="C# Data Types">
  <Attri>
   <Back>16777215</Back>
   <Fore>16711680</Fore>
   <Style></Style>
  </Attri>
  <W>bool</W>
  <W>byte</W>
  <W>char</W>
  <W>class</W>
  <W>decimal</W>
  <W>delegate</W>
  <W>double</W>
  <W>enum</W>
  <W>float</W>
  <W>int</W>
  <W>interface</W>
  <W>long</W>
  <W>object</W>
  <W>sbyte</W>
  <W>short</W>
  <W>string</W>
  <W>struct</W>
  <W>uint</W>
  <W>ulong</W>
  <W>ushort</W>
 </KW>
 <KW Name="C# Preprocessor Directives">
  <Attri>
   <Back>16777215</Back>
   <Fore>16711808</Fore>
   <Style></Style>
  </Attri>
  <W>#elif</W>
  <W>#endif</W>
  <W>#endregion</W>
  <W>#else</W>
  <W>#error</W>
  <W>#define</W>
  <W>#if</W>
  <W>#line</W>
  <W>#region</W>
  <W>#undef</W>
  <W>#warning</W>
 </KW>
 <KW Name="Operators">
  <Attri>
   <Back>16777215</Back>
   <Fore>33023</Fore>
   <Style></Style>
  </Attri>
  <W>+</W>
  <W>-</W>
  <W>*</W>
  <W>?</W>
  <W>=</W>
  <W>//</W>
  <W>/</W>
  <W>%</W>
  <W>&amp;</W>
  <W>&gt;</W>
  <W>&lt;</W>
  <W>^</W>
  <W>!</W>
  <W>|</W>
  <W>:</W>
  <W>checked</W>
  <W>is</W>
  <W>new</W>
  <W>sizeof</W>
  <W>typeof</W>
  <W>unchecked</W>
 </KW>
  <Range Name="Remarks //">
  <Def>
   <Back>16777215</Back>
   <Fore>8388608</Fore>
   <Style></Style>
  </Def>
  <Num>
   <Back>16777215</Back>
   <Fore>8388608</Fore>
   <Style></Style>
  </Num>
  <OpenSymbol>//</OpenSymbol>
  <CloseSymbol></CloseSymbol>
  <DelimiterChars>!&qt;#$%&amp;'()*+,-./:;&lt;=&gt;?@[\]^`{|}~</DelimiterChars>
  <AnyTerm>True</AnyTerm>
  <CloseOnTerm>False</CloseOnTerm>
  <CloseOnEol>True</CloseOnEol>
  <CaseSensitive>False</CaseSensitive>
  </Range>
  <Range Name="Remarks /*..*/">
  <Def>
   <Back>16777215</Back>
   <Fore>8388608</Fore>
   <Style></Style>
  </Def>
  <Num>
   <Back>16777215</Back>
   <Fore>8388608</Fore>
   <Style></Style>
  </Num>
  <OpenSymbol>/*</OpenSymbol>
  <CloseSymbol>*/</CloseSymbol>
  <DelimiterChars>!&qt;#$%&amp;'()*+,-./:;&lt;=&gt;?@[\]^`{|}~</DelimiterChars>
  <AnyTerm>True</AnyTerm>
  <CloseOnTerm>False</CloseOnTerm>
  <CloseOnEol>False</CloseOnEol>
  <CaseSensitive>False</CaseSensitive>
  </Range>
  <Range Name="Strings &qt;..&qt;">
  <Def>
   <Back>16777215</Back>
   <Fore>255</Fore>
   <Style></Style>
  </Def>
  <Num>
   <Back>16777215</Back>
   <Fore>255</Fore>
   <Style></Style>
  </Num>
  <OpenSymbol>&qt;</OpenSymbol>
  <CloseSymbol>&qt;</CloseSymbol>
  <DelimiterChars>!&qt;#$%&amp;'()*+,-./:;&lt;=&gt;?@[\]^`{|}~</DelimiterChars>
  <AnyTerm>True</AnyTerm>
  <CloseOnTerm>False</CloseOnTerm>
  <CloseOnEol>False</CloseOnEol>
  <CaseSensitive>False</CaseSensitive>
  </Range>
  <Range Name="Strings '..'">
  <Def>
   <Back>16777215</Back>
   <Fore>255</Fore>
   <Style></Style>
  </Def>
  <Num>
   <Back>16777215</Back>
   <Fore>255</Fore>
   <Style></Style>
  </Num>
  <OpenSymbol>'</OpenSymbol>
  <CloseSymbol>'</CloseSymbol>
  <DelimiterChars>!&qt;#$%&amp;'()*+,-./:;&lt;=&gt;?@[\]^`{|}~</DelimiterChars>
  <AnyTerm>True</AnyTerm>
  <CloseOnTerm>False</CloseOnTerm>
  <CloseOnEol>False</CloseOnEol>
  <CaseSensitive>False</CaseSensitive>
  </Range>
 </Range>
</UniHighlighter>
